Delay,Standard ARF (G-Mean),Standard ARF (Recall),Dynamic CS-ARF (G-Mean),Dynamic CS-ARF (Recall)
0,0.8341417027172006,0.6959459459459459,0.8689311679573946,0.7567567567567568
100,0.817800654740229,0.668918918918919,0.8333109875188337,0.6959459459459459
1000,0.802204773440034,0.6438356164383562,0.7708720375829528,0.5958904109589042
5000,0.6589399420427129,0.43448275862068964,0.4836616446758763,0.23448275862068965
